epoch,steps,cos_sim-Accuracy@1,cos_sim-Precision@1,cos_sim-Recall@1,cos_sim-Precision@5,cos_sim-Recall@5,cos_sim-Precision@10,cos_sim-Recall@10,cos_sim-Precision@20,cos_sim-Recall@20,cos_sim-Precision@50,cos_sim-Recall@50,cos_sim-Precision@100,cos_sim-Recall@100,cos_sim-Precision@200,cos_sim-Recall@200,cos_sim-Precision@500,cos_sim-Recall@500,cos_sim-MRR@10,cos_sim-MRR@100,cos_sim-NDCG@10,cos_sim-NDCG@100,cos_sim-MAP@10,cos_sim-MAP@100
0,0,0.03482587064676617,0.03482587064676617,0.002758321415037833,0.035820895522388055,0.019634247821253968,0.03134328358208956,0.03365214224212231,0.021144278606965175,0.04558428203094221,0.014527363184079602,0.06920409329611905,0.010646766169154227,0.10445869613634608,0.0071393034825870645,0.16270202538667117,0.0040398009950248755,0.2436827637743864,0.06637645107794361,0.07062360858746795,0.038516357049884056,0.0554213885490401,0.02092664981968465,0.021189591818175032
