epoch,steps,cos_sim-Accuracy@1,cos_sim-Precision@1,cos_sim-Recall@1,cos_sim-Precision@5,cos_sim-Recall@5,cos_sim-Precision@10,cos_sim-Recall@10,cos_sim-Precision@20,cos_sim-Recall@20,cos_sim-Precision@50,cos_sim-Recall@50,cos_sim-Precision@100,cos_sim-Recall@100,cos_sim-Precision@200,cos_sim-Recall@200,cos_sim-Precision@500,cos_sim-Recall@500,cos_sim-MRR@10,cos_sim-MRR@100,cos_sim-NDCG@10,cos_sim-NDCG@100,cos_sim-MAP@10,cos_sim-MAP@100
0,0,0.03980099502487562,0.03980099502487562,0.007832436550128578,0.03582089552238806,0.019129648528754213,0.03134328358208955,0.03144191244388107,0.0236318407960199,0.044986573988503496,0.01253731343283582,0.06596346915668494,0.008457711442786071,0.09523635264359148,0.005497512437810945,0.11670827850256232,0.002955223880597015,0.1614311099728079,0.06021874753218037,0.06470425704451262,0.041510349727181775,0.052141994540782666,0.026100450130300875,0.023507976579190747
