epoch,steps,cos_sim-Accuracy@1,cos_sim-Precision@1,cos_sim-Recall@1,cos_sim-Precision@5,cos_sim-Recall@5,cos_sim-Precision@10,cos_sim-Recall@10,cos_sim-Precision@20,cos_sim-Recall@20,cos_sim-Precision@50,cos_sim-Recall@50,cos_sim-Precision@100,cos_sim-Recall@100,cos_sim-Precision@200,cos_sim-Recall@200,cos_sim-Precision@500,cos_sim-Recall@500,cos_sim-MRR@10,cos_sim-MRR@100,cos_sim-NDCG@10,cos_sim-NDCG@100,cos_sim-MAP@10,cos_sim-MAP@100
0,0,0.07462686567164178,0.07462686567164178,0.011896200592229378,0.06865671641791045,0.05609037459028505,0.06069651741293532,0.08527532797184761,0.04477611940298507,0.11887518235318949,0.026368159203980102,0.15941101596132515,0.018606965174129353,0.21095875598805316,0.012512437810945276,0.27797625864677833,0.006786069651741293,0.4060553839549134,0.12095475005922765,0.12644424671805737,0.08416825259507307,0.11284745322887049,0.05114546316038853,0.0529815354457839
