epoch,steps,cos_sim-Accuracy@1,cos_sim-Accuracy@3,cos_sim-Accuracy@5,cos_sim-Accuracy@10,cos_sim-Precision@1,cos_sim-Recall@1,cos_sim-Precision@5,cos_sim-Recall@5,cos_sim-Precision@10,cos_sim-Recall@10,cos_sim-Precision@20,cos_sim-Recall@20,cos_sim-Precision@50,cos_sim-Recall@50,cos_sim-Precision@100,cos_sim-Recall@100,cos_sim-Precision@200,cos_sim-Recall@200,cos_sim-Precision@500,cos_sim-Recall@500,cos_sim-MRR@10,cos_sim-MRR@100,cos_sim-NDCG@10,cos_sim-NDCG@100,cos_sim-MAP@10,cos_sim-MAP@100
20,5840,0.005128205128205128,0.010256410256410256,0.015384615384615385,0.035897435897435895,0.005128205128205128,0.0017094017094017094,0.0030769230769230774,0.009401709401709401,0.00358974358974359,0.022863247863247862,0.0030769230769230774,0.03568376068376069,0.002358974358974359,0.06666666666666667,0.00158974358974359,0.09487179487179487,0.0011025641025641027,0.13995726495726493,0.0007794871794871795,0.25427350427350426,0.011552706552706552,0.01456488681620928,0.011107761537775608,0.026826262188464144,0.005819088319088319,0.008258303098388995
