epoch,steps,cos_sim-Accuracy@1,cos_sim-Precision@1,cos_sim-Recall@1,cos_sim-Precision@5,cos_sim-Recall@5,cos_sim-Precision@10,cos_sim-Recall@10,cos_sim-Precision@20,cos_sim-Recall@20,cos_sim-Precision@50,cos_sim-Recall@50,cos_sim-Precision@100,cos_sim-Recall@100,cos_sim-Precision@200,cos_sim-Recall@200,cos_sim-Precision@500,cos_sim-Recall@500,cos_sim-MRR@10,cos_sim-MRR@100,cos_sim-NDCG@10,cos_sim-NDCG@100,cos_sim-MAP@10,cos_sim-MAP@100
0,0,0.014925373134328358,0.014925373134328358,0.0012437810945273632,0.01691542288557214,0.009205337762150474,0.020895522388059702,0.020332881698212794,0.014676616915422887,0.025055335111466726,0.008955223880597014,0.0370053859262683,0.005721393034825871,0.044876775403891477,0.003781094527363184,0.07909925335132378,0.0020895522388059704,0.10658939154412932,0.02859511963989576,0.03038228610733732,0.02114232183775636,0.02929154974610382,0.012983156778465947,0.013329081799548583
