epoch,steps,cos_sim-Accuracy@1,cos_sim-Accuracy@3,cos_sim-Accuracy@5,cos_sim-Accuracy@10,cos_sim-Precision@1,cos_sim-Recall@1,cos_sim-Precision@5,cos_sim-Recall@5,cos_sim-Precision@10,cos_sim-Recall@10,cos_sim-Precision@20,cos_sim-Recall@20,cos_sim-Precision@50,cos_sim-Recall@50,cos_sim-Precision@100,cos_sim-Recall@100,cos_sim-Precision@200,cos_sim-Recall@200,cos_sim-Precision@500,cos_sim-Recall@500,cos_sim-MRR@10,cos_sim-MRR@100,cos_sim-NDCG@10,cos_sim-NDCG@100,cos_sim-MAP@10,cos_sim-MAP@100
20,5840,0.0,0.0,0.0,0.005128205128205128,0.0,0.0,0.0,0.0,0.0005128205128205128,0.000641025641025641,0.0010256410256410256,0.013461538461538462,0.0006153846153846154,0.016666666666666666,0.0004102564102564103,0.01987179487179487,0.0004871794871794872,0.04081196581196581,0.0004307692307692308,0.11495726495726495,0.0008547008547008547,0.0022092921323690552,0.0004620513264223984,0.005363934156550677,0.00010683760683760684,0.0011155802886572118
