epoch,steps,cos_sim-Accuracy@1,cos_sim-Precision@1,cos_sim-Recall@1,cos_sim-Precision@5,cos_sim-Recall@5,cos_sim-Precision@10,cos_sim-Recall@10,cos_sim-Precision@20,cos_sim-Recall@20,cos_sim-Precision@50,cos_sim-Recall@50,cos_sim-Precision@100,cos_sim-Recall@100,cos_sim-Precision@200,cos_sim-Recall@200,cos_sim-Precision@500,cos_sim-Recall@500,cos_sim-MRR@10,cos_sim-MRR@100,cos_sim-NDCG@10,cos_sim-NDCG@100,cos_sim-MAP@10,cos_sim-MAP@100
0,0,0.0,0.0,0.0,0.002985074626865672,0.0022121919776503995,0.0019900497512437814,0.002626785675826187,0.002736318407960199,0.013791392747992239,0.0023880597014925373,0.02261253981416998,0.002238805970149254,0.03429730479058448,0.0022139303482587064,0.06048028833223731,0.0018009950248756219,0.09903637874672905,0.007186290768380321,0.010436597218564228,0.003041017221108701,0.011487552287435612,0.0012990602542841346,0.0023974328355919113
