epoch,steps,cos_sim-Accuracy@1,cos_sim-Precision@1,cos_sim-Recall@1,cos_sim-Precision@5,cos_sim-Recall@5,cos_sim-Precision@10,cos_sim-Recall@10,cos_sim-Precision@20,cos_sim-Recall@20,cos_sim-Precision@50,cos_sim-Recall@50,cos_sim-Precision@100,cos_sim-Recall@100,cos_sim-Precision@200,cos_sim-Recall@200,cos_sim-Precision@500,cos_sim-Recall@500,cos_sim-MRR@10,cos_sim-MRR@100,cos_sim-NDCG@10,cos_sim-NDCG@100,cos_sim-MAP@10,cos_sim-MAP@100
0,0,0.0,0.0,0.0,0.0019900497512437814,0.0003005381256980404,0.002985074626865672,0.0007819898651455155,0.003980099502487562,0.005479686759004456,0.0031840796019900496,0.012241399259075855,0.002537313432835821,0.030310147508433662,0.002164179104477612,0.058274714438579296,0.0014527363184079604,0.09337934934829456,0.002542841348811498,0.005547251645168373,0.0021748555086313157,0.009725773937828601,0.0005954355208086552,0.0013212717842777876
