epoch,steps,cos_sim-Accuracy@1,cos_sim-Precision@1,cos_sim-Recall@1,cos_sim-Precision@5,cos_sim-Recall@5,cos_sim-Precision@10,cos_sim-Recall@10,cos_sim-Precision@20,cos_sim-Recall@20,cos_sim-Precision@50,cos_sim-Recall@50,cos_sim-Precision@100,cos_sim-Recall@100,cos_sim-Precision@200,cos_sim-Recall@200,cos_sim-Precision@500,cos_sim-Recall@500,cos_sim-MRR@10,cos_sim-MRR@100,cos_sim-NDCG@10,cos_sim-NDCG@100,cos_sim-MAP@10,cos_sim-MAP@100
0,0,0.004975124378109453,0.004975124378109453,0.0007107320540156361,0.007960199004975126,0.00936039240610136,0.010945273631840797,0.015997776358917082,0.008955223880597015,0.023263442967314914,0.006467661691542289,0.04525997124554409,0.005074626865671642,0.06985415803590918,0.003756218905472636,0.09360470621324131,0.002447761194029851,0.15301481227350494,0.01935165442628129,0.02310022602698453,0.01444668681403266,0.028470032695347147,0.007266163513498268,0.008939627173596483
