epoch,steps,cos_sim-Accuracy@1,cos_sim-Accuracy@3,cos_sim-Accuracy@5,cos_sim-Accuracy@10,cos_sim-Precision@1,cos_sim-Recall@1,cos_sim-Precision@5,cos_sim-Recall@5,cos_sim-Precision@10,cos_sim-Recall@10,cos_sim-Precision@20,cos_sim-Recall@20,cos_sim-Precision@50,cos_sim-Recall@50,cos_sim-Precision@100,cos_sim-Recall@100,cos_sim-Precision@200,cos_sim-Recall@200,cos_sim-Precision@500,cos_sim-Recall@500,cos_sim-MRR@10,cos_sim-MRR@100,cos_sim-NDCG@10,cos_sim-NDCG@100,cos_sim-MAP@10,cos_sim-MAP@100
20,5840,0.005128205128205128,0.005128205128205128,0.005128205128205128,0.005128205128205128,0.005128205128205128,0.0017094017094017094,0.0010256410256410256,0.0017094017094017094,0.0005128205128205128,0.0017094017094017094,0.0002564102564102564,0.0017094017094017094,0.0003076923076923077,0.009401709401709401,0.0002564102564102564,0.014529914529914529,0.0003333333333333333,0.03098290598290598,0.00031794871794871797,0.07948717948717948,0.005128205128205128,0.005563363375196381,0.002406557569347469,0.005022109858078844,0.0017094017094017094,0.0019927270524897093
