epoch,steps,cos_sim-Accuracy@1,cos_sim-Precision@1,cos_sim-Recall@1,cos_sim-Precision@5,cos_sim-Recall@5,cos_sim-Precision@10,cos_sim-Recall@10,cos_sim-Precision@20,cos_sim-Recall@20,cos_sim-Precision@50,cos_sim-Recall@50,cos_sim-Precision@100,cos_sim-Recall@100,cos_sim-Precision@200,cos_sim-Recall@200,cos_sim-Precision@500,cos_sim-Recall@500,cos_sim-MRR@10,cos_sim-MRR@100,cos_sim-NDCG@10,cos_sim-NDCG@100,cos_sim-MAP@10,cos_sim-MAP@100
0,0,0.0,0.0,0.0,0.0019900497512437814,0.0034825870646766166,0.002985074626865672,0.009835438193647149,0.002238805970149254,0.010893496319308436,0.0014925373134328358,0.02287148516296892,0.000845771144278607,0.025811331386397234,0.000746268656716418,0.04004999276733541,0.0006766169154228856,0.07158870424287628,0.0034134881149806523,0.005405704689412914,0.00480760874185245,0.008821614825901368,0.0021466082286977807,0.0026156837127698164
