epoch,steps,cos_sim-Accuracy@1,cos_sim-Precision@1,cos_sim-Recall@1,cos_sim-Precision@5,cos_sim-Recall@5,cos_sim-Precision@10,cos_sim-Recall@10,cos_sim-Precision@20,cos_sim-Recall@20,cos_sim-Precision@50,cos_sim-Recall@50,cos_sim-Precision@100,cos_sim-Recall@100,cos_sim-Precision@200,cos_sim-Recall@200,cos_sim-Precision@500,cos_sim-Recall@500,cos_sim-MRR@10,cos_sim-MRR@100,cos_sim-NDCG@10,cos_sim-NDCG@100,cos_sim-MAP@10,cos_sim-MAP@100
0,0,0.0,0.0,0.0,0.0019900497512437814,0.0004818251086907803,0.0009950248756218907,0.0004818251086907803,0.0012437810945273632,0.001863804102610073,0.0008955223880597015,0.006229074524693205,0.0010447761194029852,0.018035494178970348,0.0008706467661691541,0.034625462646647044,0.0005970149253731343,0.050130467484222896,0.002238805970149254,0.003615974118845401,0.000895181502543143,0.005466298409687884,0.00022388059701492538,0.0006374992334020547
