epoch,steps,cos_sim-Accuracy@1,cos_sim-Precision@1,cos_sim-Recall@1,cos_sim-Precision@5,cos_sim-Recall@5,cos_sim-Precision@10,cos_sim-Recall@10,cos_sim-Precision@20,cos_sim-Recall@20,cos_sim-Precision@50,cos_sim-Recall@50,cos_sim-Precision@100,cos_sim-Recall@100,cos_sim-Precision@200,cos_sim-Recall@200,cos_sim-Precision@500,cos_sim-Recall@500,cos_sim-MRR@10,cos_sim-MRR@100,cos_sim-NDCG@10,cos_sim-NDCG@100,cos_sim-MAP@10,cos_sim-MAP@100
0,0,0.01990049751243781,0.01990049751243781,0.0034072063922810196,0.01592039800995025,0.009219785724359629,0.014925373134328358,0.015548491905187688,0.009950248756218905,0.019025729373758814,0.0052736318407960205,0.023519154508433344,0.0037313432835820895,0.029705448875951994,0.002512437810945274,0.04728369688738832,0.00191044776119403,0.08382261701895546,0.028212114033009553,0.030179036647413473,0.018823473706631687,0.022157601586322035,0.014264787175234937,0.014457478001572082
