epoch,steps,cos_sim-Accuracy@1,cos_sim-Accuracy@3,cos_sim-Accuracy@5,cos_sim-Accuracy@10,cos_sim-Precision@1,cos_sim-Recall@1,cos_sim-Precision@5,cos_sim-Recall@5,cos_sim-Precision@10,cos_sim-Recall@10,cos_sim-Precision@20,cos_sim-Recall@20,cos_sim-Precision@50,cos_sim-Recall@50,cos_sim-Precision@100,cos_sim-Recall@100,cos_sim-Precision@200,cos_sim-Recall@200,cos_sim-Precision@500,cos_sim-Recall@500,cos_sim-MRR@10,cos_sim-MRR@100,cos_sim-NDCG@10,cos_sim-NDCG@100,cos_sim-MAP@10,cos_sim-MAP@100
20,5840,0.0,0.005128205128205128,0.005128205128205128,0.015384615384615385,0.0,0.0,0.0010256410256410256,0.0017094017094017094,0.0015384615384615387,0.003418803418803419,0.0010256410256410256,0.005128205128205127,0.0006153846153846154,0.006837606837606838,0.0004615384615384616,0.015384615384615385,0.0003333333333333333,0.023076923076923078,0.0002153846153846154,0.040170940170940174,0.003931623931623931,0.004378456587291929,0.0025197065620091506,0.0054392822299140255,0.0010826210826210825,0.0015971058541339664
