epoch,steps,cos_sim-Accuracy@1,cos_sim-Precision@1,cos_sim-Recall@1,cos_sim-Precision@5,cos_sim-Recall@5,cos_sim-Precision@10,cos_sim-Recall@10,cos_sim-Precision@20,cos_sim-Recall@20,cos_sim-Precision@50,cos_sim-Recall@50,cos_sim-Precision@100,cos_sim-Recall@100,cos_sim-Precision@200,cos_sim-Recall@200,cos_sim-Precision@500,cos_sim-Recall@500,cos_sim-MRR@10,cos_sim-MRR@100,cos_sim-NDCG@10,cos_sim-NDCG@100,cos_sim-MAP@10,cos_sim-MAP@100
0,0,0.024875621890547265,0.024875621890547265,0.004086709310589907,0.02587064676616915,0.012168237154585898,0.022885572139303485,0.023925708538922955,0.018159203980099504,0.03683640895864295,0.010746268656716419,0.06570353002465056,0.00746268656716418,0.0852808065823085,0.0051243781094527366,0.10826738080874652,0.0031442786069651742,0.18269302356013128,0.04480178472715786,0.04915606208443987,0.027408437066416085,0.04474964032904454,0.015938956013582882,0.019712052268544333
