epoch,steps,cos_sim-Accuracy@1,cos_sim-Precision@1,cos_sim-Recall@1,cos_sim-Precision@5,cos_sim-Recall@5,cos_sim-Precision@10,cos_sim-Recall@10,cos_sim-Precision@20,cos_sim-Recall@20,cos_sim-Precision@50,cos_sim-Recall@50,cos_sim-Precision@100,cos_sim-Recall@100,cos_sim-Precision@200,cos_sim-Recall@200,cos_sim-Precision@500,cos_sim-Recall@500,cos_sim-MRR@10,cos_sim-MRR@100,cos_sim-NDCG@10,cos_sim-NDCG@100,cos_sim-MAP@10,cos_sim-MAP@100
0,0,0.014925373134328358,0.014925373134328358,0.0012437810945273632,0.01890547263681592,0.0073467183895385615,0.018905472636815922,0.014286995152576521,0.013681592039800995,0.02089361814046283,0.00865671641791045,0.038011842486946855,0.0057213930348258705,0.05152311489228772,0.003855721393034826,0.07199635524023362,0.0023681592039800996,0.10974388413307984,0.029975124378109456,0.03307023900254239,0.018947690448092944,0.028693751077381934,0.012955065940140568,0.013515963958582494
