epoch,steps,cos_sim-Accuracy@1,cos_sim-Accuracy@3,cos_sim-Accuracy@5,cos_sim-Accuracy@10,cos_sim-Precision@1,cos_sim-Recall@1,cos_sim-Precision@5,cos_sim-Recall@5,cos_sim-Precision@10,cos_sim-Recall@10,cos_sim-Precision@20,cos_sim-Recall@20,cos_sim-Precision@50,cos_sim-Recall@50,cos_sim-Precision@100,cos_sim-Recall@100,cos_sim-Precision@200,cos_sim-Recall@200,cos_sim-Precision@500,cos_sim-Recall@500,cos_sim-MRR@10,cos_sim-MRR@100,cos_sim-NDCG@10,cos_sim-NDCG@100,cos_sim-MAP@10,cos_sim-MAP@100
20,5840,0.0,0.005128205128205128,0.005128205128205128,0.005128205128205128,0.0,0.0,0.0010256410256410256,0.0008547008547008547,0.0005128205128205128,0.0008547008547008547,0.0005128205128205128,0.003418803418803419,0.0003076923076923077,0.004273504273504273,0.0003076923076923077,0.010256410256410255,0.00028205128205128203,0.017948717948717947,0.0002358974358974359,0.035042735042735036,0.002564102564102564,0.003109188796037804,0.0009790813650201778,0.0033283734306309124,0.00042735042735042735,0.0007507988949976695
