epoch,steps,cos_sim-Accuracy@1,cos_sim-Accuracy@3,cos_sim-Accuracy@5,cos_sim-Accuracy@10,cos_sim-Precision@1,cos_sim-Recall@1,cos_sim-Precision@5,cos_sim-Recall@5,cos_sim-Precision@10,cos_sim-Recall@10,cos_sim-Precision@20,cos_sim-Recall@20,cos_sim-Precision@50,cos_sim-Recall@50,cos_sim-Precision@100,cos_sim-Recall@100,cos_sim-Precision@200,cos_sim-Recall@200,cos_sim-Precision@500,cos_sim-Recall@500,cos_sim-MRR@10,cos_sim-MRR@100,cos_sim-NDCG@10,cos_sim-NDCG@100,cos_sim-MAP@10,cos_sim-MAP@100
20,5840,0.0,0.010256410256410256,0.020512820512820513,0.03076923076923077,0.0,0.0,0.0041025641025641026,0.01282051282051282,0.0030769230769230774,0.020512820512820513,0.002564102564102564,0.03247863247863248,0.0010256410256410256,0.03247863247863248,0.0005641025641025642,0.03504273504273504,0.0005128205128205128,0.0658119658119658,0.0003897435897435898,0.12393162393162394,0.007570207570207571,0.00885938135938136,0.009771005125123864,0.013583781043698269,0.005323565323565323,0.006042938542938543
