epoch,steps,cos_sim-Accuracy@1,cos_sim-Precision@1,cos_sim-Recall@1,cos_sim-Precision@5,cos_sim-Recall@5,cos_sim-Precision@10,cos_sim-Recall@10,cos_sim-Precision@20,cos_sim-Recall@20,cos_sim-Precision@50,cos_sim-Recall@50,cos_sim-Precision@100,cos_sim-Recall@100,cos_sim-Precision@200,cos_sim-Recall@200,cos_sim-Precision@500,cos_sim-Recall@500,cos_sim-MRR@10,cos_sim-MRR@100,cos_sim-NDCG@10,cos_sim-NDCG@100,cos_sim-MAP@10,cos_sim-MAP@100
0,0,0.03980099502487562,0.03980099502487562,0.011224327082536036,0.01592039800995025,0.02197940947940948,0.015422885572139302,0.03661801478965658,0.011194029850746268,0.05396774631849258,0.006865671641791044,0.08028890622174205,0.004577114427860697,0.10673133732835227,0.0032338308457711437,0.1446818297564566,0.002,0.17988153497392945,0.05393074310984758,0.05877656940187034,0.03205564958316318,0.05036199402905942,0.019288807286319723,0.021892013750002628
