epoch,steps,cos_sim-Accuracy@1,cos_sim-Accuracy@3,cos_sim-Accuracy@5,cos_sim-Accuracy@10,cos_sim-Precision@1,cos_sim-Recall@1,cos_sim-Precision@5,cos_sim-Recall@5,cos_sim-Precision@10,cos_sim-Recall@10,cos_sim-Precision@20,cos_sim-Recall@20,cos_sim-Precision@50,cos_sim-Recall@50,cos_sim-Precision@100,cos_sim-Recall@100,cos_sim-Precision@200,cos_sim-Recall@200,cos_sim-Precision@500,cos_sim-Recall@500,cos_sim-MRR@10,cos_sim-MRR@100,cos_sim-NDCG@10,cos_sim-NDCG@100,cos_sim-MAP@10,cos_sim-MAP@100
20,5840,0.0,0.0,0.005128205128205128,0.015384615384615385,0.0,0.0,0.0010256410256410256,0.002564102564102564,0.0015384615384615387,0.004273504273504273,0.0010256410256410256,0.005128205128205127,0.0013333333333333333,0.02222222222222222,0.0010256410256410256,0.038461538461538464,0.0006923076923076924,0.046153846153846156,0.0005230769230769231,0.11213675213675214,0.0021082621082621085,0.0037831838837597393,0.0021321119492008333,0.009884212293739711,0.0006932573599240266,0.0015019725545999333
