epoch,steps,cos_sim-Accuracy@1,cos_sim-Accuracy@3,cos_sim-Accuracy@5,cos_sim-Accuracy@10,cos_sim-Precision@1,cos_sim-Recall@1,cos_sim-Precision@5,cos_sim-Recall@5,cos_sim-Precision@10,cos_sim-Recall@10,cos_sim-Precision@20,cos_sim-Recall@20,cos_sim-Precision@50,cos_sim-Recall@50,cos_sim-Precision@100,cos_sim-Recall@100,cos_sim-Precision@200,cos_sim-Recall@200,cos_sim-Precision@500,cos_sim-Recall@500,cos_sim-MRR@10,cos_sim-MRR@100,cos_sim-NDCG@10,cos_sim-NDCG@100,cos_sim-MAP@10,cos_sim-MAP@100
20,5840,0.015384615384615385,0.046153846153846156,0.05641025641025641,0.06666666666666667,0.015384615384615385,0.004273504273504273,0.011282051282051283,0.01282051282051282,0.007179487179487179,0.017094017094017092,0.005384615384615386,0.03995726495726496,0.0034871794871794873,0.08098290598290599,0.0026153846153846153,0.1346153846153846,0.0019230769230769232,0.20705128205128207,0.0011794871794871796,0.3523504273504273,0.03403133903133903,0.03886042157034409,0.016378003952274265,0.04182447926281916,0.008693867860534527,0.012747437311340567
