epoch,steps,cos_sim-Accuracy@1,cos_sim-Accuracy@3,cos_sim-Accuracy@5,cos_sim-Accuracy@10,cos_sim-Precision@1,cos_sim-Recall@1,cos_sim-Precision@5,cos_sim-Recall@5,cos_sim-Precision@10,cos_sim-Recall@10,cos_sim-Precision@20,cos_sim-Recall@20,cos_sim-Precision@50,cos_sim-Recall@50,cos_sim-Precision@100,cos_sim-Recall@100,cos_sim-Precision@200,cos_sim-Recall@200,cos_sim-Precision@500,cos_sim-Recall@500,cos_sim-MRR@10,cos_sim-MRR@100,cos_sim-NDCG@10,cos_sim-NDCG@100,cos_sim-MAP@10,cos_sim-MAP@100
20,5840,0.03076923076923077,0.046153846153846156,0.05128205128205128,0.06153846153846154,0.03076923076923077,0.005982905982905983,0.015384615384615387,0.01452991452991453,0.009230769230769232,0.018803418803418803,0.006666666666666667,0.03076923076923076,0.002974358974358975,0.0376068376068376,0.0015384615384615387,0.04017094017094017,0.0008974358974358975,0.04935897435897436,0.0004512820512820513,0.05897435897435897,0.03933658933658933,0.041157131881850974,0.019234318640306353,0.025760434749495877,0.010435490435490434,0.011783626312652527
