epoch,steps,cos_sim-Accuracy@1,cos_sim-Accuracy@3,cos_sim-Accuracy@5,cos_sim-Accuracy@10,cos_sim-Precision@1,cos_sim-Recall@1,cos_sim-Precision@5,cos_sim-Recall@5,cos_sim-Precision@10,cos_sim-Recall@10,cos_sim-Precision@20,cos_sim-Recall@20,cos_sim-Precision@50,cos_sim-Recall@50,cos_sim-Precision@100,cos_sim-Recall@100,cos_sim-Precision@200,cos_sim-Recall@200,cos_sim-Precision@500,cos_sim-Recall@500,cos_sim-MRR@10,cos_sim-MRR@100,cos_sim-NDCG@10,cos_sim-NDCG@100,cos_sim-MAP@10,cos_sim-MAP@100
20,5840,0.0,0.005128205128205128,0.005128205128205128,0.005128205128205128,0.0,0.0,0.0010256410256410256,0.0017094017094017094,0.0005128205128205128,0.0017094017094017094,0.0002564102564102564,0.0017094017094017094,0.00020512820512820514,0.003418803418803419,0.00010256410256410257,0.003418803418803419,5.1282051282051286e-05,0.003418803418803419,0.00010256410256410257,0.03162393162393162,0.0017094017094017094,0.0017094017094017094,0.0012032787846737345,0.001644086131931645,0.0005698005698005698,0.0006493076260518121
